Workbook

Sheet Resumen
A1: Categoría | B1: Total piezas | C1: Con texto handwritten | D1: Con imagen sin fondo | E1: Con modelo 3D | F1: % completitud
A2: Drop 001 | B2: =COUNTIF(Inventario!A:A,"Drop 001") -> 13 | C2: =COUNTIFS(Inventario!A:A,"Drop 001",Inventario!C:C,"✓") -> 13 | D2: =COUNTIFS(Inventario!A:A,"Drop 001",Inventario!D:D,"✓") -> 13 | E2: =COUNTIFS(Inventario!A:A,"Drop 001",Inventario!E:E,"✓") -> 6 | F2: =IFERROR((C2+D2+E2)/(B2*3),0) -> 0.82051282
A3: Wearables | B3: =COUNTIF(Inventario!A:A,"Wearables") -> 5 | C3: =COUNTIFS(Inventario!A:A,"Wearables",Inventario!C:C,"✓") -> 5 | D3: =COUNTIFS(Inventario!A:A,"Wearables",Inventario!D:D,"✓") -> 5 | E3: =COUNTIFS(Inventario!A:A,"Wearables",Inventario!E:E,"✓") -> 1 | F3: =IFERROR((C3+D3+E3)/(B3*3),0) -> 0.73333333
A4: Imposible | B4: =COUNTIF(Inventario!A:A,"Imposible") -> 3 | C4: =COUNTIFS(Inventario!A:A,"Imposible",Inventario!C:C,"✓") -> 3 | D4: =COUNTIFS(Inventario!A:A,"Imposible",Inventario!D:D,"✓") -> 3 | E4: =COUNTIFS(Inventario!A:A,"Imposible",Inventario!E:E,"✓") -> 0 | F4: =IFERROR((C4+D4+E4)/(B4*3),0) -> 0.66666667
A5: Club Filósofos | B5: =COUNTIF(Inventario!A:A,"Club Filósofos") -> 7 | C5: =COUNTIFS(Inventario!A:A,"Club Filósofos",Inventario!C:C,"✓") -> 0 | D5: =COUNTIFS(Inventario!A:A,"Club Filósofos",Inventario!D:D,"✓") -> 0 | E5: =COUNTIFS(Inventario!A:A,"Club Filósofos",Inventario!E:E,"✓") -> 1 | F5: =IFERROR((C5+D5+E5)/(B5*3),0) -> 0.047619048
A6: TOTAL | B6: =SUM(B2:B5) -> 28 | C6: =SUM(C2:C5) -> 21 | D6: =SUM(D2:D5) -> 21 | E6: =SUM(E2:E5) -> 8 | F6: =IFERROR((C6+D6+E6)/(B6*3),0) -> 0.5952381

Sheet Inventario
A1: Categoría | B1: Pieza | C1: Texto handwritten | D1: Imagen sin fondo | E1: Modelo 3D | F1: Notas
A2: Drop 001 | B2: TUNI.v01.ROSA | C2: ✓ | D2: ✓ | E2: ✓ | F2: Texto handwritten compartido entre las 3 variantes TUNI
A3: Drop 001 | B3: TUNI.v01.BLANCA | C3: ✓ | D3: ✓ | E3: ✓ | F3: Mismo texto handwritten que rosa; reusar 3D rosa cambiando filamento
A4: Drop 001 | B4: TUNI.v01.NEGRA | C4: ✓ | D4: ✓ | E4: ✓ | F4: Mismo texto handwritten que rosa; reusar 3D rosa cambiando filamento
A5: Drop 001 | B5: COPA_CHISTE_COLOMBIA.v0 | C5: ✓ | D5: ✓ | E5: —
A6: Drop 001 | B6: MARXITO.v01 | C6: ✓ | D6: ✓ | E6: —
A7: Drop 001 | B7: SUPERHOMBRESITO.v01 | C7: ✓ | D7: ✓ | E7: ⚠ | F7: Dos modelos 3D generados; elegir canónico
A8: Drop 001 | B8: DIALOGUIN.v01 | C8: ✓ | D8: ✓ | E8: ✓
A9: Drop 001 | B9: TRAUMIN.v01 | C9: ✓ | D9: ✓ | E9: ✓
A10: Drop 001 | B10: MINI_DEVENIRES.v01 | C10: ✓ | D10: ✓ | E10: ✓
A11: Drop 001 | B11: PLANTI_PUNK.v01 | C11: ✓ | D11: ✓ | E11: — | F11: 3 variantes material (barro/obsidiana/silicona); falta 3D
A12: Drop 001 | B12: PLANTI_PUNK_XL.v01 | C12: ✓ | D12: ✓ | E12: — | F12: 3 variantes material; falta 3D
A13: Drop 001 | B13: PLANTI_K.v01 | C13: ✓ | D13: ✓ | E13: — | F13: 3 variantes material; falta 3D
A14: Drop 001 | B14: PLANTI_K_XL.v01 | C14: ✓ | D14: ✓ | E14: — | F14: 3 variantes material; falta 3D
A15: Wearables | B15: Camiseta blanca | C15: ✓ | D15: ✓ | E15: — | F15: No requiere modelo 3D (es textil)
A16: Wearables | B16: Camiseta negra | C16: ✓ | D16: ✓ | E16: — | F16: No requiere modelo 3D (es textil)
A17: Wearables | B17: Gorra | C17: ✓ | D17: ✓ | E17: — | F17: No requiere modelo 3D (es textil)
A18: Wearables | B18: PARCHAO.v01 | C18: ✓ | D18: ✓ | E18: — | F18: Gafas — 3D opcional si se imprime como objeto escultórico
A19: Wearables | B19: MELISIMO.v01 | C19: ✓ | D19: ✓ | E19: ✓
A20: Imposible | B20: AUDIO.ANTROPOS.v02 | C20: ✓ | D20: ✓ | E20: — | F20: Exhibición pura; 3D opcional
A21: Imposible | B21: AUDIO.NEO.v02 | C21: ✓ | D21: ✓ | E21: — | F21: Exhibición pura; 3D opcional
A22: Imposible | B22: AUDIO.OIMIS.v02 | C22: ✓ | D22: ✓ | E22: — | F22: Exhibición pura; 3D opcional
A23: Club Filósofos | B23: ARTURITO.v01 (Schopenhauer emo) | C23: — | D23: — | E23: ✓ | F23: Imagen generada falta procesar; nombre handwritten pendiente
A24: Club Filósofos | B24: LACANITO.v01 | C24: — | D24: — | E24: — | F24: Imagen generada (iterando); nombre handwritten pendiente
A25: Club Filósofos | B25: GRAMSCITO.v01 | C25: — | D25: — | E25: — | F25: Imagen generada (iterando); nombre handwritten pendiente
A26: Club Filósofos | B26: SARTRECITO.v01 (pirata) | C26: — | D26: — | E26: — | F26: Reemplaza versión pipa-y-náusea; prompt listo
A27: Club Filósofos | B27: KANTITO.v01 | C27: — | D27: — | E27: — | F27: Prompt listo; imagen no generada
A28: Club Filósofos | B28: FOUCAULTITO.v01 | C28: — | D28: — | E28: — | F28: Prompt listo; imagen no generada
A29: Club Filósofos | B29: SOCRATITO.v01 | C29: — | D29: — | E29: — | F29: Prompt listo; imagen no generada

Sheet Cómo usar
A1: INVENTARIO DE ASSETS · SIMIO PLATEADO
A3: ¿Cómo se usa?
A5: 1. En la hoja 'Inventario', cada fila es una pieza del catálogo.
A6: 2. Las tres columnas centrales (Texto handwritten, Imagen sin fondo, Modelo 3D) son editables.
A7: 3. Hacé click en una celda y aparece el dropdown con tres opciones:
A8: ✓ existe procesado
A9: — no existe aún
A10: ⚠ existe pero hay que revisarlo (ej. dos versiones, calidad dudosa)
A11: 4. Las celdas se colorean automáticamente según el valor:
A12: verde = ✓
A13: gris = —
A14: amarillo = ⚠
... A29: Última actualización: 2026-05-12
